<?xml version="1.0" encoding="UTF-8"?>
<project-private xmlns="http://www.netbeans.org/ns/project-private/1">
    <editor-bookmarks xmlns="http://www.netbeans.org/ns/editor-bookmarks/2" lastBookmarkId="0"/>
    <open-files xmlns="http://www.netbeans.org/ns/projectui-open-files/2">
        <group>
            <file>file:/C:/Users/Usuario/Documents/NetBeansProjects/ProyectoParalelaParcial02/src/multimatrix/frmMatriz.java</file>
            <file>file:/C:/Users/Usuario/Documents/NetBeansProjects/ProyectoParalelaParcial02/src/multimatrix/MatrizExecutorService.java</file>
            <file>file:/C:/Users/Usuario/Documents/NetBeansProjects/ProyectoParalelaParcial02/src/multimatrix/MatrizSecuencial.java</file>
            <file>file:/C:/Users/Usuario/Documents/NetBeansProjects/ProyectoParalelaParcial02/src/multimatrix/MatrizForkJoin.java</file>
        </group>
    </open-files>
</project-private>
