<?xml version="1.0" encoding="UTF-8"?>
<project-private xmlns="http://www.netbeans.org/ns/project-private/1">
    <editor-bookmarks xmlns="http://www.netbeans.org/ns/editor-bookmarks/2" lastBookmarkId="0"/>
    <open-files xmlns="http://www.netbeans.org/ns/projectui-open-files/2">
        <group>
            <file>file:/C:/Users/Usuario/Documents/Ingenieria%20en%20Desarrollo%20de%20Software/5_Semestre/Computacion%20Paralela/Parcial_3/MultihiloServidor/src/multihiloservidor/MultihiloServidor.java</file>
            <file>file:/C:/Users/Usuario/Documents/Ingenieria%20en%20Desarrollo%20de%20Software/5_Semestre/Computacion%20Paralela/Parcial_3/MultihiloServidor/src/multihiloservidor/ServidorMultiParlante.java</file>
            <file>file:/C:/Users/Usuario/Documents/Ingenieria%20en%20Desarrollo%20de%20Software/5_Semestre/Computacion%20Paralela/Parcial_3/MultihiloServidor/src/multihiloservidor/MultihiloCliente.java</file>
            <file>file:/C:/Users/Usuario/Documents/Ingenieria%20en%20Desarrollo%20de%20Software/5_Semestre/Computacion%20Paralela/Parcial_3/MultihiloServidor/src/multihiloservidor/HiloClienteParlante.java</file>
        </group>
    </open-files>
</project-private>
